date,company_Name,ticker,broker,analytst,rating_before,rating_after,price_target_before,price_target_after
7/24/2023,Apple Inc,AAPL,WELLS FARGO,AARON RAKERS,Overweight,Overweight,225,225
4/23/2025,Apple Inc,AAPL,WELLS FARGO,AARON RAKERS,                             ,OVERWEIGHT                   ,275,245
6/6/2023,Apple Inc,AAPL,WELLS FARGO,AARON RAKERS,Overweight,Overweight,210,210
1/30/2025,Microsoft Corp,MSFT,WOLFE,ALEX ZUKIN,OUTPERFORM,OUTPERFORM,515,475
1/25/2023,Microsoft Corp,MSFT,WOLFE,ALEX ZUKIN,                             ,OUTPERFORM                   ,280,265
4/26/2023,Microsoft Corp,MSFT,WOLFE,ALEX ZUKIN,                             ,OUTPERFORM                   ,330,350
1/30/2025,Apple Inc,AAPL,EVERCORE,AMIT DARYANANI,                             ,OUTPERFORM                   ,250,260
8/27/2024,Apple Inc,AAPL,EVERCORE,AMIT DARYANANI,Outperform,Outperform,250,250
9/28/2023,Apple Inc,AAPL,EVERCORE,AMIT DARYANANI,Outperform,Outperform,210,210
9/16/2024,Apple Inc,AAPL,EVERCORE,AMIT DARYANANI,Outperform,Outperform,250,250
6/25/2024,Apple Inc,AAPL,EVERCORE,AMIT DARYANANI,Outperform,Outperform,250,250
9/19/2023,Apple Inc,AAPL,EVERCORE,AMIT DARYANANI,Outperform,Outperform,210,210
3/18/2025,Apple Inc,AAPL,EVERCORE,AMIT DARYANANI,                             ,OUTPERFORM                   ,260,275
6/5/2023,Apple Inc,AAPL,EVERCORE,AMIT DARYANANI,Outperform,Outperform,210,210
9/10/2025,Apple Inc,AAPL,,AMIT DARYANANI,Outperform,Outperform,260,260
5/23/2023,Apple Inc,AAPL,LOOP CAPITAL,ANANDA BARUAH,HOLD,BUY,180,174
4/30/2025,Apple Inc,AAPL,LOOP CAPITAL,ANANDA BARUAH,HOLD,HOLD,230,215
1/25/2023,Microsoft Corp,MSFT,RAYMOND JAMES,ANDREW MAROK,                             ,OUTPERFORM                   ,280,270
1/31/2024,Microsoft Corp,MSFT,RAYMOND JAMES,ANDREW MAROK,                             ,OUTPERFORM                   ,400,450
5/1/2025,Microsoft Corp,MSFT,RAYMOND JAMES,ANDREW MAROK,                             ,OUTPERFORM                   ,480,490
4/26/2023,Microsoft Corp,MSFT,RAYMOND JAMES,ANDREW MAROK,                             ,OUTPERFORM                   ,310,320
4/26/2024,Microsoft Corp,MSFT,RAYMOND JAMES,ANDREW MAROK,                             ,OUTPERFORM                   ,450,480
4/19/2023,Apple Inc,AAPL,CFRA,ANGELO ZINO,                             ,BUY                          ,165,190
6/30/2023,Apple Inc,AAPL,CFRA,ANGELO ZINO,                             ,BUY                          ,190,220
7/19/2023,Microsoft Corp,MSFT,CFRA,ANGELO ZINO,                             ,STRONG BUY                   ,370,407
8/2/2024,Apple Inc,AAPL,,ATIF MALIK,Buy,Buy,255,255
3/8/2024,Apple Inc,AAPL,CITI,ATIF MALIK,BUY,BUY,225,220
11/3/2023,Apple Inc,AAPL,CITI,ATIF MALIK,                             ,BUY                          ,240,230
1/31/2025,Apple Inc,AAPL,,ATIF MALIK,Buy,Buy,275,275
8/4/2023,Apple Inc,AAPL,CITI,ATIF MALIK,Buy,Buy,240,240
7/20/2023,Apple Inc,AAPL,CITI,ATIF MALIK,Buy,Buy,240,240
8/27/2024,Apple Inc,AAPL,,ATIF MALIK,Buy,Buy,255,255
5/5/2023,Apple Inc,AAPL,ROSENBLATT,BARTON CROCKETT,                             ,BUY                          ,173,198
11/1/2024,Apple Inc,AAPL,,BARTON CROCKETT,Buy,Buy,262,262
7/29/2025,Apple Inc,AAPL,,BARTON CROCKETT,Neutral,Neutral,217,217
8/2/2024,Apple Inc,AAPL,,BARTON CROCKETT,Buy,Buy,261,261
6/26/2024,Apple Inc,AAPL,ROSENBLATT,BARTON CROCKETT,NEUTRAL,BUY,196,260
2/3/2023,Apple Inc,AAPL,ROSENBLATT,BARTON CROCKETT,Buy                          ,Buy                          ,173,173
5/3/2024,Apple Inc,AAPL,ROSENBLATT,BARTON CROCKETT,                             ,NEUTRAL                      ,189,196
11/3/2023,Apple Inc,AAPL,ROSENBLATT,BARTON CROCKETT,Neutral,Neutral,189,189
1/31/2024,Apple Inc,AAPL,ROSENBLATT,BARTON CROCKETT,Neutral,Neutral,189,189
4/3/2025,Apple Inc,AAPL,,BARTON CROCKETT,Buy,Buy,263,263
5/1/2025,Apple Inc,AAPL,,BARTON CROCKETT,Buy,Buy,263,263
1/27/2025,Apple Inc,AAPL,,BARTON CROCKETT,Buy,Buy,262,262
6/11/2024,Apple Inc,AAPL,ROSENBLATT,BARTON CROCKETT,Neutral,Neutral,196,196
1/13/2023,Apple Inc,AAPL,ROSENBLATT,BARTON CROCKETT,                             ,                             ,189,165
9/10/2024,Apple Inc,AAPL,,BARTON CROCKETT,Buy,Buy,261,261
8/4/2023,Apple Inc,AAPL,ROSENBLATT,BARTON CROCKETT,Buy,Neutral,198,198
9/12/2023,Apple Inc,AAPL,ROSENBLATT,BARTON CROCKETT,Neutral,Neutral,198,198
10/26/2023,Microsoft Corp,MSFT,ROSENBLATT,BLAIR ABERNETHY,                             ,BUY                          ,370,375
7/27/2023,Microsoft Corp,MSFT,ROSENBLATT,BLAIR ABERNETHY,                             ,BUY                          ,310,360
1/26/2023,Microsoft Corp,MSFT,ROSENBLATT,BLAIR ABERNETHY,Buy                          ,Buy                          ,275,275
4/26/2023,Microsoft Corp,MSFT,ROSENBLATT,BLAIR ABERNETHY,                             ,BUY                          ,275,310
4/26/2023,Microsoft Corp,MSFT,STIFEL,BRAD REBACK,                             ,BUY                          ,310,320
4/26/2024,Microsoft Corp,MSFT,,BRAD REBACK,Buy,Buy,475,475
7/20/2023,Microsoft Corp,MSFT,STIFEL,BRAD REBACK,                             ,BUY                          ,320,380
12/18/2024,Microsoft Corp,MSFT,,BRAD REBACK,Buy,Buy,515,515
4/14/2023,Microsoft Corp,MSFT,STIFEL,BRAD REBACK,                             ,BUY                          ,290,310
5/1/2025,Microsoft Corp,MSFT,,BRAD REBACK,Buy,Buy,500,500
10/25/2023,Microsoft Corp,MSFT,STIFEL,BRAD REBACK,                             ,BUY                          ,380,390
3/7/2025,Microsoft Corp,MSFT,,BRAD REBACK,Buy,Buy,475,475
1/25/2023,Microsoft Corp,MSFT,STIFEL,BRAD REBACK,                             ,BUY                          ,290,275
1/18/2024,Microsoft Corp,MSFT,BAML,BRAD SILLS,                             ,BUY                          ,430,450
4/15/2025,Microsoft Corp,MSFT,BAML,BRAD SILLS,                             ,BUY                          ,510,480
4/19/2023,Microsoft Corp,MSFT,BAML,BRAD SILLS,                             ,BUY                          ,300,320
4/26/2023,Microsoft Corp,MSFT,BAML,BRAD SILLS,Buy,Buy,340,340
7/18/2025,Microsoft Corp,MSFT,,BRAD SILLS,Buy,Buy,585,585
7/19/2023,Microsoft Corp,MSFT,BAML,BRAD SILLS,                             ,BUY                          ,340,405
12/14/2023,Microsoft Corp,MSFT,BAML,BRAD SILLS,                             ,BUY                          ,415,430
7/17/2024,Microsoft Corp,MSFT,BAML,BRAD SILLS,                             ,BUY                          ,480,510
1/25/2024,Microsoft Corp,MSFT,DEUTSCHE BANK,BRAD ZELNICK,                             ,BUY                          ,395,450
10/25/2023,Microsoft Corp,MSFT,DEUTSCHE BANK,BRAD ZELNICK,                             ,BUY                          ,380,395
4/26/2023,Microsoft Corp,MSFT,DEUTSCHE BANK,BRAD ZELNICK,                             ,BUY                          ,310,340
4/19/2023,Microsoft Corp,MSFT,DEUTSCHE BANK,BRAD ZELNICK,                             ,BUY                          ,275,310
9/14/2023,Apple Inc,AAPL,,BRANDON NISPEL,Overweight,Overweight,200,200
4/8/2025,Apple Inc,AAPL,,BRANDON NISPEL,Underweight,Underweight,170,170
7/11/2023,Apple Inc,AAPL,KEYBANK,BRANDON NISPEL,OVERWEIGHT,OVERWEIGHT,180,200
10/25/2024,Apple Inc,AAPL,,BRANDON NISPEL,Sector Weight,Underweight,200,200
5/5/2023,Apple Inc,AAPL,KEYBANK,BRANDON NISPEL,                             ,OVERWEIGHT                   ,177,180
4/23/2025,Microsoft Corp,MSFT,PIPER SANDLER,BRENT BRACELIN,                             ,OVERWEIGHT                   ,520,435
5/1/2025,Microsoft Corp,MSFT,PIPER SANDLER,BRENT BRACELIN,OVERWEIGHT,OVERWEIGHT,435,475
7/12/2024,Microsoft Corp,MSFT,PIPER SANDLER,BRENT BRACELIN,Overweight,Overweight,465,465
10/25/2023,Microsoft Corp,MSFT,PIPER SANDLER,BRENT BRACELIN,Overweight,Overweight,425,425
7/10/2025,Microsoft Corp,MSFT,,BRENT BRACELIN,Overweight,Overweight,600,600
4/26/2023,Microsoft Corp,MSFT,PIPER SANDLER,BRENT BRACELIN,                             ,OVERWEIGHT                   ,290,348
5/31/2023,Microsoft Corp,MSFT,PIPER SANDLER,BRENT BRACELIN,                             ,OVERWEIGHT                   ,348,400
1/9/2023,Microsoft Corp,MSFT,PIPER SANDLER,BRENT BRACELIN,Overweight                   ,Overweight                   ,247,247
10/30/2023,Microsoft Corp,MSFT,PIPER SANDLER,BRENT BRACELIN,Overweight,Overweight,425,425
1/25/2024,Microsoft Corp,MSFT,PIPER SANDLER,BRENT BRACELIN,Overweight,Overweight,455,455
10/18/2024,Microsoft Corp,MSFT,PIPER SANDLER,BRENT BRACELIN,Overweight,Overweight,470,470
4/26/2024,Microsoft Corp,MSFT,PIPER SANDLER,BRENT BRACELIN,Overweight,Overweight,465,465
10/31/2024,Microsoft Corp,MSFT,PIPER SANDLER,BRENT BRACELIN,Overweight,Overweight,470,470
7/31/2024,Microsoft Corp,MSFT,PIPER SANDLER,BRENT BRACELIN,Overweight,Overweight,485,485
1/12/2024,Microsoft Corp,MSFT,PIPER SANDLER,BRENT BRACELIN,Overweight,Overweight,455,455
7/26/2023,Microsoft Corp,MSFT,PIPER SANDLER,BRENT BRACELIN,Overweight,Overweight,400,400
7/19/2023,Microsoft Corp,MSFT,PIPER SANDLER,BRENT BRACELIN,Overweight,Overweight,400,400
2/8/2023,Microsoft Corp,MSFT,PIPER SANDLER,BRENT BRACELIN,                             ,OVERWEIGHT                   ,247,290
7/23/2024,Microsoft Corp,MSFT,PIPER SANDLER,BRENT BRACELIN,                             ,OVERWEIGHT                   ,465,485
4/7/2025,Microsoft Corp,MSFT,JEFFERIES,BRENT THILL,Buy,Buy,475,475
1/25/2023,Microsoft Corp,MSFT,JEFFERIES,BRENT THILL,                             ,BUY                          ,280,275
5/1/2025,Microsoft Corp,MSFT,JEFFERIES,BRENT THILL,                             ,BUY                          ,475,550
10/2/2023,Microsoft Corp,MSFT,JEFFERIES,BRENT THILL,Buy,Buy,400,400
4/26/2023,Microsoft Corp,MSFT,JEFFERIES,BRENT THILL,                             ,BUY                          ,325,350
4/18/2023,Microsoft Corp,MSFT,JEFFERIES,BRENT THILL,                             ,BUY                          ,310,325
2/8/2023,Microsoft Corp,MSFT,JEFFERIES,BRENT THILL,                             ,BUY                          ,275,310
5/23/2023,Microsoft Corp,MSFT,JEFFERIES,BRENT THILL,                             ,BUY                          ,350,400
7/9/2025,Microsoft Corp,MSFT,,BRIAN SCHWARTZ,Perform,Outperform,600,600
8/4/2023,Apple Inc,AAPL,MONNESS CRESPI & HARDT,BRIAN WHITE,                             ,BUY                          ,188,208
8/2/2024,Apple Inc,AAPL,MONNESS CRESPI & HARDT,BRIAN WHITE,BUY,BUY,218.36,245
9/18/2023,Apple Inc,AAPL,WEDBUSH,DANIEL IVES,Outperform,Outperform,240,240
1/4/2023,Apple Inc,AAPL,WEDBUSH,DANIEL IVES,                             ,OUTPERFORM                   ,200,175
11/24/2023,Apple Inc,AAPL,WEDBUSH,DANIEL IVES,Outperform,Outperform,240,240
9/13/2023,Apple Inc,AAPL,WEDBUSH,DANIEL IVES,                             ,OUTPERFORM                   ,230,240
8/4/2023,Apple Inc,AAPL,WEDBUSH,DANIEL IVES,                             ,OUTPERFORM                   ,220,230
2/3/2023,Apple Inc,AAPL,WEDBUSH,DANIEL IVES,                             ,OUTPERFORM                   ,175,180
12/26/2024,Apple Inc,AAPL,WEDBUSH,DANIEL IVES,OUTPERFORM,OUTPERFORM,300,325
5/31/2023,Apple Inc,AAPL,WEDBUSH,DANIEL IVES,Outperform,Outperform,205,205
9/7/2023,Apple Inc,AAPL,WEDBUSH,DANIEL IVES,Outperform,Outperform,230,230
4/4/2025,Apple Inc,AAPL,WEDBUSH,DANIEL IVES,                             ,OUTPERFORM                   ,325,250
4/17/2023,Apple Inc,AAPL,WEDBUSH,DANIEL IVES,Outperform                   ,Outperform                   ,205,205
6/5/2023,Apple Inc,AAPL,WEDBUSH,DANIEL IVES,Outperform,Outperform,205,205
2/12/2024,Apple Inc,AAPL,WEDBUSH,DANIEL IVES,Outperform,Outperform,250,250
3/8/2023,Apple Inc,AAPL,WEDBUSH,DANIEL IVES,                             ,POSITIVE                     ,180,190
5/24/2024,Apple Inc,AAPL,WEDBUSH,DANIEL IVES,OUTPERFORM,OUTPERFORM,250,275
9/9/2025,Apple Inc,AAPL,,DANIEL IVES,Outperform,Outperform,270,270
8/7/2025,Apple Inc,AAPL,,DANIEL IVES,Outperform,Outperform,270,270
7/9/2025,Apple Inc,AAPL,,DANIEL IVES,Outperform,Outperform,270,270
6/10/2025,Apple Inc,AAPL,,DANIEL IVES,Outperform,Outperform,270,270
5/16/2025,Apple Inc,AAPL,,DANIEL IVES,Outperform,Outperform,270,270
5/2/2025,Apple Inc,AAPL,,DANIEL IVES,Outperform,Outperform,270,270
3/3/2025,Apple Inc,AAPL,WEDBUSH,DANIEL IVES,Outperform,Outperform,325,325
3/14/2025,Apple Inc,AAPL,WEDBUSH,DANIEL IVES,Outperform,Outperform,325,325
1/23/2025,Apple Inc,AAPL,WEDBUSH,DANIEL IVES,Outperform,Outperform,325,325
11/29/2024,Apple Inc,AAPL,WEDBUSH,DANIEL IVES,Outperform,Outperform,300,300
9/3/2025,Apple Inc,AAPL,,DANIEL IVES,Outperform,Outperform,270,270
2/28/2024,Apple Inc,AAPL,WEDBUSH,DANIEL IVES,Outperform,Outperform,250,250
2/2/2024,Apple Inc,AAPL,WEDBUSH,DANIEL IVES,Outperform,Outperform,250,250
9/9/2024,Apple Inc,AAPL,WEDBUSH,DANIEL IVES,Outperform,Outperform,285,285
8/2/2024,Apple Inc,AAPL,WEDBUSH,DANIEL IVES,Outperform,Outperform,285,285
7/30/2025,Apple Inc,AAPL,,DANIEL IVES,Outperform,Outperform,270,270
5/13/2024,Apple Inc,AAPL,WEDBUSH,DANIEL IVES,Outperform,Outperform,250,250
5/3/2024,Apple Inc,AAPL,WEDBUSH,DANIEL IVES,Outperform,Outperform,250,250
7/11/2024,Apple Inc,AAPL,WEDBUSH,DANIEL IVES,Outperform,Outperform,275,275
6/25/2025,Microsoft Corp,MSFT,WEDBUSH,DANIEL IVES,OUTPERFORM,OUTPERFORM,515,600
12/28/2023,Microsoft Corp,MSFT,WEDBUSH,DANIEL IVES,                             ,OUTPERFORM                   ,425,450
3/20/2025,Microsoft Corp,MSFT,WEDBUSH,DANIEL IVES,Outperform,Outperform,550,550
5/22/2024,Microsoft Corp,MSFT,WEDBUSH,DANIEL IVES,Outperform,Outperform,500,500
3/26/2024,Microsoft Corp,MSFT,WEDBUSH,DANIEL IVES,Outperform,Outperform,500,500
11/20/2023,Microsoft Corp,MSFT,WEDBUSH,DANIEL IVES,Outperform,Outperform,425,425
9/21/2023,Microsoft Corp,MSFT,WEDBUSH,DANIEL IVES,Outperform,Outperform,400,400
7/18/2023,Microsoft Corp,MSFT,WEDBUSH,DANIEL IVES,Outperform,Outperform,375,375
7/12/2023,Microsoft Corp,MSFT,WEDBUSH,DANIEL IVES,Outperform,Outperform,375,375
7/5/2023,Microsoft Corp,MSFT,WEDBUSH,DANIEL IVES,Outperform,Outperform,375,375
6/14/2024,Microsoft Corp,MSFT,WEDBUSH,DANIEL IVES,OUTPERFORM,OUTPERFORM,500,550
5/1/2025,Microsoft Corp,MSFT,WEDBUSH,DANIEL IVES,                             ,OUTPERFORM                   ,475,515
4/10/2025,Microsoft Corp,MSFT,WEDBUSH,DANIEL IVES,OUTPERFORM,OUTPERFORM,550,475
11/16/2023,Microsoft Corp,MSFT,WEDBUSH,DANIEL IVES,OUTPERFORM,POSITIVE,400,425
7/26/2023,Microsoft Corp,MSFT,WEDBUSH,DANIEL IVES,Outperform,Outperform,400,400
4/26/2023,Microsoft Corp,MSFT,WEDBUSH,DANIEL IVES,                             ,OUTPERFORM                   ,315,325
5/11/2023,Microsoft Corp,MSFT,WEDBUSH,DANIEL IVES,                             ,OUTPERFORM                   ,325,340
2/8/2023,Microsoft Corp,MSFT,WEDBUSH,DANIEL IVES,Outperform                   ,Outperform                   ,280,280
4/12/2023,Microsoft Corp,MSFT,WEDBUSH,DANIEL IVES,OUTPERFORM,POSITIVE,290,315
2/23/2023,Microsoft Corp,MSFT,WEDBUSH,DANIEL IVES,OUTPERFORM,POSITIVE,280,290
10/25/2023,Microsoft Corp,MSFT,WEDBUSH,DANIEL IVES,Outperform,Outperform,400,400
1/25/2023,Microsoft Corp,MSFT,WEDBUSH,DANIEL IVES,                             ,OUTPERFORM                   ,290,280
4/26/2024,Microsoft Corp,MSFT,WEDBUSH,DANIEL IVES,Outperform,Outperform,500,500
7/31/2024,Microsoft Corp,MSFT,WEDBUSH,DANIEL IVES,Outperform,Outperform,550,550
1/31/2024,Microsoft Corp,MSFT,WEDBUSH,DANIEL IVES,Outperform,Outperform,475,475
7/25/2025,Microsoft Corp,MSFT,,DANIEL IVES,Outperform,Outperform,600,600
7/1/2024,Apple Inc,AAPL,UBS,DAVID VOGT,Neutral,Neutral,190,190
6/11/2024,Apple Inc,AAPL,UBS,DAVID VOGT,Neutral,Neutral,190,190
7/5/2023,Apple Inc,AAPL,UBS,DAVID VOGT,Neutral,Neutral,190,190
9/4/2024,Apple Inc,AAPL,UBS,DAVID VOGT,                             ,NEUTRAL                      ,190,236
9/27/2023,Apple Inc,AAPL,UBS,DAVID VOGT,Neutral,Neutral,190,190
3/25/2024,Apple Inc,AAPL,UBS,DAVID VOGT,Neutral,Neutral,190,190
6/13/2023,Apple Inc,AAPL,UBS,DAVID VOGT,Buy,Neutral,190,190
10/31/2024,Microsoft Corp,MSFT,,DERRICK WOOD,Buy,Buy,475,475
4/26/2023,Microsoft Corp,MSFT,TD COWEN,DERRICK WOOD,Outperform,Outperform,330,330
1/19/2024,Microsoft Corp,MSFT,TD COWEN,DERRICK WOOD,                             ,OUTPERFORM                   ,390,425
4/18/2023,Microsoft Corp,MSFT,TD COWEN,DERRICK WOOD,                             ,OUTPERFORM                   ,285,300
1/19/2023,Microsoft Corp,MSFT,TD COWEN,DERRICK WOOD,                             ,OUTPERFORM                   ,285,280
7/18/2024,Microsoft Corp,MSFT,,DERRICK WOOD,Buy,Buy,495,495
5/2/2025,Apple Inc,AAPL,,EDISON LEE,Hold,Underperform,170.62,170.62
7/1/2025,Apple Inc,AAPL,,EDISON LEE,Underperform,Hold,188.32,188.32
9/8/2025,Apple Inc,AAPL,,EDISON LEE,Hold,Hold,205.82,205.82
4/9/2025,Apple Inc,AAPL,,EDISON LEE,Underperform,Hold,167.88,167.88
1/31/2025,Apple Inc,AAPL,JEFFERIES,EDISON LEE,                             ,UNDERPERFORM                 ,200.75,202.33
6/10/2025,Apple Inc,AAPL,,ERIK WOODRING,Overweight,Overweight,235,235
11/25/2024,Apple Inc,AAPL,MORGAN STANLEY,ERIK WOODRING,Overweight,Overweight,273,273
12/8/2023,Apple Inc,AAPL,MORGAN STANLEY,ERIK WOODRING,OVERWEIGHT,OVERWEIGHT,210,220
6/5/2025,Apple Inc,AAPL,,ERIK WOODRING,Overweight,Overweight,235,235
1/31/2025,Apple Inc,AAPL,MORGAN STANLEY,ERIK WOODRING,Overweight,Overweight,275,275
8/6/2024,Apple Inc,AAPL,MORGAN STANLEY,ERIK WOODRING,Overweight,Overweight,273,273
7/25/2023,Apple Inc,AAPL,MORGAN STANLEY,ERIK WOODRING,Overweight,Overweight,220,220
6/4/2024,Apple Inc,AAPL,MORGAN STANLEY,ERIK WOODRING,Overweight,Overweight,216,216
3/3/2023,Apple Inc,AAPL,MORGAN STANLEY,ERIK WOODRING,                             ,TOP PICK                     ,175,180
4/29/2025,Apple Inc,AAPL,,ERIK WOODRING,Overweight,Overweight,235,235
8/4/2023,Apple Inc,AAPL,MORGAN STANLEY,ERIK WOODRING,                             ,OVERWEIGHT                   ,220,215
5/5/2023,Apple Inc,AAPL,MORGAN STANLEY,ERIK WOODRING,                             ,OVERWEIGHT                   ,180,185
11/3/2023,Apple Inc,AAPL,MORGAN STANLEY,ERIK WOODRING,Overweight,Overweight,210,210
9/25/2023,Apple Inc,AAPL,MORGAN STANLEY,ERIK WOODRING,Overweight,Overweight,215,215
4/8/2025,Apple Inc,AAPL,MORGAN STANLEY,ERIK WOODRING,                             ,OVERWEIGHT                   ,252,220
7/15/2024,Apple Inc,AAPL,MORGAN STANLEY,ERIK WOODRING,Overweight,Overweight,273,273
8/27/2024,Apple Inc,AAPL,MORGAN STANLEY,ERIK WOODRING,Overweight,Overweight,273,273
3/12/2025,Apple Inc,AAPL,MORGAN STANLEY,ERIK WOODRING,                             ,OVERWEIGHT                   ,275,252
5/3/2024,Apple Inc,AAPL,MORGAN STANLEY,ERIK WOODRING,Overweight,Overweight,216,216
6/11/2024,Apple Inc,AAPL,MORGAN STANLEY,ERIK WOODRING,Overweight,Overweight,216,216
4/22/2024,Apple Inc,AAPL,MORGAN STANLEY,ERIK WOODRING,Overweight,Overweight,210,210
12/13/2024,Apple Inc,AAPL,MORGAN STANLEY,ERIK WOODRING,Overweight,Overweight,273,273
9/10/2024,Apple Inc,AAPL,MORGAN STANLEY,ERIK WOODRING,Overweight,Overweight,273,273
6/2/2023,Apple Inc,AAPL,MORGAN STANLEY,ERIK WOODRING,                             ,OVERWEIGHT                   ,185,190
1/30/2025,Apple Inc,AAPL,D.A. DAVIDSON,GIL LURIA,BUY,BUY,260,290
5/2/2025,Apple Inc,AAPL,D.A. DAVIDSON,GIL LURIA,BUY,BUY,230,250
4/14/2025,Apple Inc,AAPL,D.A. DAVIDSON,GIL LURIA,Buy,Buy,230,230
1/3/2024,Apple Inc,AAPL,,GIL LURIA,Neutral                      ,Neutral                      ,166,166
6/11/2024,Apple Inc,AAPL,,GIL LURIA,Neutral,Buy,230,230
1/30/2025,Microsoft Corp,MSFT,,GIL LURIA,Neutral,Neutral,425,425
2/8/2023,Microsoft Corp,MSFT,,GIL LURIA,Buy                          ,Buy                          ,325,325
1/5/2023,Microsoft Corp,MSFT,,GIL LURIA,Buy                          ,Buy                          ,270,270
3/13/2025,Microsoft Corp,MSFT,,GIL LURIA,Neutral,Buy,450,450
9/27/2024,Microsoft Corp,MSFT,D.A. DAVIDSON,GIL LURIA,Neutral,Neutral,475,475
10/16/2023,Microsoft Corp,MSFT,D.A. DAVIDSON,GIL LURIA,Buy,Buy,415,415
7/31/2024,Microsoft Corp,MSFT,D.A. DAVIDSON,GIL LURIA,BUY,BUY,500,475
10/31/2024,Microsoft Corp,MSFT,D.A. DAVIDSON,GIL LURIA,NEUTRAL,NEUTRAL,475,425
7/21/2023,Microsoft Corp,MSFT,D.A. DAVIDSON,GIL LURIA,                             ,BUY                          ,350,415
4/26/2023,Microsoft Corp,MSFT,D.A. DAVIDSON,GIL LURIA,                             ,BUY                          ,325,350
11/24/2023,Microsoft Corp,MSFT,MIZUHO,GREGG MOSKOWITZ,Buy,Buy,420,420
6/15/2023,Microsoft Corp,MSFT,MIZUHO,GREGG MOSKOWITZ,Buy,Buy,360,360
5/1/2025,Microsoft Corp,MSFT,MIZUHO,GREGG MOSKOWITZ,                             ,OUTPERFORM                   ,475,500
1/30/2025,Microsoft Corp,MSFT,MIZUHO,GREGG MOSKOWITZ,OUTPERFORM,OUTPERFORM,510,500
12/15/2023,Microsoft Corp,MSFT,MIZUHO,GREGG MOSKOWITZ,                             ,BUY                          ,420,450
7/19/2023,Microsoft Corp,MSFT,MIZUHO,GREGG MOSKOWITZ,BUY,BUY,390,420
4/26/2023,Microsoft Corp,MSFT,MIZUHO,GREGG MOSKOWITZ,                             ,BUY                          ,315,325
3/17/2023,Microsoft Corp,MSFT,MIZUHO,GREGG MOSKOWITZ,                             ,BUY                          ,300,315
2/8/2023,Microsoft Corp,MSFT,MIZUHO,GREGG MOSKOWITZ,                             ,BUY                          ,280,300
12/13/2024,Microsoft Corp,MSFT,MIZUHO,GREGG MOSKOWITZ,Outperform,Outperform,510,510
1/25/2023,Microsoft Corp,MSFT,MIZUHO,GREGG MOSKOWITZ,                             ,BUY                          ,290,280
5/24/2023,Microsoft Corp,MSFT,MIZUHO,GREGG MOSKOWITZ,                             ,BUY                          ,325,340
7/16/2024,Microsoft Corp,MSFT,MIZUHO,GREGG MOSKOWITZ,OUTPERFORM,OUTPERFORM,450,480
5/5/2023,Apple Inc,AAPL,PIPER SANDLER,HARSH KUMAR,                             ,OVERWEIGHT                   ,195,180
2/2/2024,Apple Inc,AAPL,PIPER SANDLER,HARSH KUMAR,                             ,NEUTRAL                      ,205,190
1/4/2024,Apple Inc,AAPL,PIPER SANDLER,HARSH KUMAR,OVERWEIGHT,NEUTRAL,220,205
2/1/2024,Microsoft Corp,MSFT,DZ BANK,INGO WERMANN,                             ,BUY                          ,425,500
4/30/2024,Microsoft Corp,MSFT,DZ BANK,INGO WERMANN,                             ,BUY                          ,500,490
10/26/2023,Microsoft Corp,MSFT,DZ BANK,INGO WERMANN,                             ,BUY                          ,415,425
5/30/2024,Apple Inc,AAPL,,IVAN FEINSETH,Strong Buy,Strong Buy,245,245
8/28/2024,Apple Inc,AAPL,,IVAN FEINSETH,Strong Buy,Strong Buy,295,295
11/16/2023,Apple Inc,AAPL,,IVAN FEINSETH,Strong Buy,Strong Buy,240,240
4/3/2025,Apple Inc,AAPL,,IVAN FEINSETH,Strong Buy,Strong Buy,300,300
8/2/2023,Microsoft Corp,MSFT,TIGRESS PARTNERS,IVAN FEINSETH,                             ,BUY                          ,411,433
11/28/2023,Microsoft Corp,MSFT,TIGRESS PARTNERS,IVAN FEINSETH,                             ,BUY                          ,433,475
6/13/2024,Microsoft Corp,MSFT,TIGRESS PARTNERS,IVAN FEINSETH,BUY,BUY,475,550
10/18/2024,Microsoft Corp,MSFT,KEYBANK,JACKSON ADER,OVERWEIGHT,OVERWEIGHT,490,505
4/26/2023,Microsoft Corp,MSFT,LEERINK,JACKSON ADER,                             ,MARKET PERFORM               ,263,306
5/5/2023,Apple Inc,AAPL,ATLANTIC EQUITIES,JAMES CORDWELL,                             ,OVERWEIGHT                   ,180,200
4/26/2023,Microsoft Corp,MSFT,ATLANTIC EQUITIES,JAMES CORDWELL,                             ,OVERWEIGHT                   ,290,330
10/8/2024,Microsoft Corp,MSFT,,JOEL FISHBEIN,Buy,Buy,600,600
6/17/2024,Microsoft Corp,MSFT,,JOEL FISHBEIN,Buy,Buy,600,600
3/25/2024,Microsoft Corp,MSFT,,JOEL FISHBEIN,Buy,Buy,600,600
1/23/2024,Microsoft Corp,MSFT,,JOEL FISHBEIN,Buy,Buy,600,600
12/13/2023,Microsoft Corp,MSFT,,JOEL FISHBEIN,Buy                          ,Buy                          ,600,600
7/20/2023,Microsoft Corp,MSFT,,JOHN DIFUCCI,Sell,Sell,232,232
4/26/2023,Microsoft Corp,MSFT,GUGGENHEIM,JOHN DIFUCCI,                             ,SELL                         ,212,232
2/1/2024,Microsoft Corp,MSFT,ARGUS,JOSEPH BONNER,                             ,BUY                          ,430,475
12/5/2023,Microsoft Corp,MSFT,ARGUS,JOSEPH BONNER,                             ,BUY                          ,390,430
12/18/2024,Microsoft Corp,MSFT,,KARL KEIRSTEAD,Buy,Buy,525,525
5/31/2023,Microsoft Corp,MSFT,UBS,KARL KEIRSTEAD,Neutral,Neutral,345,345
10/31/2024,Microsoft Corp,MSFT,,KARL KEIRSTEAD,Buy,Buy,500,500
7/31/2024,Microsoft Corp,MSFT,,KARL KEIRSTEAD,Buy,Buy,510,510
1/4/2023,Microsoft Corp,MSFT,UBS,KARL KEIRSTEAD,NEUTRAL,BUY,300,250
7/14/2023,Microsoft Corp,MSFT,UBS,KARL KEIRSTEAD,                             ,                             ,345,400
4/24/2025,Microsoft Corp,MSFT,GOLDMAN SACHS,KASH RANGAN,BUY,BUY,500,450
10/10/2024,Microsoft Corp,MSFT,,KASH RANGAN,Buy,Buy,500,500
10/25/2023,Microsoft Corp,MSFT,GOLDMAN SACHS,KASH RANGAN,                             ,BUY                          ,400,450
5/26/2023,Microsoft Corp,MSFT,GOLDMAN SACHS,KASH RANGAN,                             ,BUY                          ,335,350
4/26/2023,Microsoft Corp,MSFT,GOLDMAN SACHS,KASH RANGAN,                             ,BUY                          ,325,335
4/16/2025,Microsoft Corp,MSFT,BMO,KEITH BACHMAN,                             ,OUTPERFORM                   ,490,470
5/1/2025,Microsoft Corp,MSFT,BMO,KEITH BACHMAN,                             ,OUTPERFORM                   ,470,485
1/31/2024,Microsoft Corp,MSFT,BMO,KEITH BACHMAN,Outperform,Outperform,455,455
6/9/2023,Microsoft Corp,MSFT,BMO,KEITH BACHMAN,Outperform,Outperform,385,385
7/12/2024,Microsoft Corp,MSFT,BMO,KEITH BACHMAN,                             ,OUTPERFORM                   ,465,500
4/12/2024,Microsoft Corp,MSFT,BMO,KEITH BACHMAN,                             ,OUTPERFORM                   ,455,465
10/31/2024,Microsoft Corp,MSFT,BMO,KEITH BACHMAN,                             ,OUTPERFORM                   ,500,495
1/30/2025,Microsoft Corp,MSFT,BMO,KEITH BACHMAN,                             ,OUTPERFORM                   ,495,490
1/9/2024,Microsoft Corp,MSFT,BMO,KEITH BACHMAN,                             ,OUTPERFORM                   ,400,420
7/26/2023,Microsoft Corp,MSFT,BMO,KEITH BACHMAN,                             ,OUTPERFORM                   ,385,400
4/21/2023,Microsoft Corp,MSFT,BMO,KEITH BACHMAN,                             ,MARKET PERFORM               ,310,325
4/14/2023,Microsoft Corp,MSFT,BMO,KEITH BACHMAN,                             ,OUTPERFORM                   ,305,310
3/28/2023,Microsoft Corp,MSFT,BMO,KEITH BACHMAN,                             ,MARKET PERFORM               ,265,305
1/25/2023,Microsoft Corp,MSFT,BMO,KEITH BACHMAN,MARKET PERFORM,OUTPERFORM,267,265
5/1/2025,Microsoft Corp,MSFT,MORGAN STANLEY,KEITH WEISS,Overweight,Overweight,482,482
10/31/2024,Microsoft Corp,MSFT,MORGAN STANLEY,KEITH WEISS,Overweight,Overweight,548,548
9/17/2024,Microsoft Corp,MSFT,MORGAN STANLEY,KEITH WEISS,Overweight,Overweight,506,506
1/30/2025,Microsoft Corp,MSFT,MORGAN STANLEY,KEITH WEISS,                             ,OVERWEIGHT                   ,540,530
6/26/2025,Microsoft Corp,MSFT,MORGAN STANLEY,KEITH WEISS,                             ,OVERWEIGHT                   ,482,530
4/11/2024,Microsoft Corp,MSFT,MORGAN STANLEY,KEITH WEISS,OVERWEIGHT,OVERWEIGHT,465,520
1/23/2024,Microsoft Corp,MSFT,MORGAN STANLEY,KEITH WEISS,                             ,OVERWEIGHT                   ,415,450
7/6/2023,Microsoft Corp,MSFT,MORGAN STANLEY,KEITH WEISS,                             ,OVERWEIGHT                   ,335,415
4/26/2023,Microsoft Corp,MSFT,MORGAN STANLEY,KEITH WEISS,                             ,OVERWEIGHT                   ,307,335
7/31/2024,Microsoft Corp,MSFT,MORGAN STANLEY,KEITH WEISS,                             ,OVERWEIGHT                   ,520,506
1/22/2025,Microsoft Corp,MSFT,MORGAN STANLEY,KEITH WEISS,                             ,OVERWEIGHT                   ,548,540
7/26/2023,Microsoft Corp,MSFT,MORGAN STANLEY,KEITH WEISS,Overweight,Overweight,415,415
7/31/2025,Microsoft Corp,MSFT,,KEITH WEISS,Overweight,Overweight,582,582
5/22/2025,Microsoft Corp,MSFT,,KIRK MATERNE,Outperform,Outperform,515,515
11/20/2023,Microsoft Corp,MSFT,EVERCORE,KIRK MATERNE,Outperform,Outperform,432,432
6/2/2023,Microsoft Corp,MSFT,EVERCORE,KIRK MATERNE,Outperform,Outperform,400,400
1/31/2024,Microsoft Corp,MSFT,EVERCORE,KIRK MATERNE,                             ,OUTPERFORM                   ,432,475
4/26/2024,Microsoft Corp,MSFT,EVERCORE,KIRK MATERNE,                             ,OUTPERFORM                   ,475,485
1/19/2023,Microsoft Corp,MSFT,EVERCORE,KIRK MATERNE,                             ,OUTPERFORM                   ,300,280
5/1/2025,Microsoft Corp,MSFT,EVERCORE,KIRK MATERNE,OUTPERFORM,OUTPERFORM,435,500
2/3/2023,Apple Inc,AAPL,TD COWEN,KRISH SANKAR,                             ,OUTPERFORM                   ,200,195
8/1/2023,Apple Inc,AAPL,,KRISH SANKAR,Outperform,Outperform,220,220
5/5/2023,Apple Inc,AAPL,NEEDHAM,LAURA MARTIN,                             ,BUY                          ,170,195
7/10/2024,Apple Inc,AAPL,NEEDHAM,LAURA MARTIN,BUY,BUY,220,260
6/4/2025,Apple Inc,AAPL,,LAURA MARTIN,Buy,Hold,225,225
5/2/2025,Apple Inc,AAPL,,LAURA MARTIN,Buy,Buy,225,225
4/14/2025,Apple Inc,AAPL,,LAURA MARTIN,Buy,Buy,225,225
4/4/2025,Apple Inc,AAPL,,LAURA MARTIN,Buy,Buy,260,260
1/31/2025,Apple Inc,AAPL,,LAURA MARTIN,Buy,Buy,260,260
1/21/2025,Apple Inc,AAPL,,LAURA MARTIN,Buy,Buy,260,260
12/10/2024,Apple Inc,AAPL,,LAURA MARTIN,Buy,Buy,260,260
11/1/2024,Apple Inc,AAPL,,LAURA MARTIN,Buy,Buy,260,260
9/24/2024,Apple Inc,AAPL,,LAURA MARTIN,Buy,Buy,260,260
9/19/2024,Apple Inc,AAPL,,LAURA MARTIN,Buy,Buy,260,260
9/10/2024,Apple Inc,AAPL,,LAURA MARTIN,Buy,Buy,260,260
8/5/2024,Apple Inc,AAPL,,LAURA MARTIN,Buy,Buy,260,260
7/1/2024,Apple Inc,AAPL,NEEDHAM,LAURA MARTIN,Buy,Buy,220,220
6/11/2024,Apple Inc,AAPL,NEEDHAM,LAURA MARTIN,Buy,Buy,220,220
5/3/2024,Apple Inc,AAPL,NEEDHAM,LAURA MARTIN,Buy,Buy,220,220
4/16/2024,Apple Inc,AAPL,NEEDHAM,LAURA MARTIN,Buy,Buy,220,220
2/2/2024,Apple Inc,AAPL,NEEDHAM,LAURA MARTIN,Buy,Buy,220,220
10/31/2023,Apple Inc,AAPL,NEEDHAM,LAURA MARTIN,Buy,Buy,195,195
9/13/2023,Apple Inc,AAPL,NEEDHAM,LAURA MARTIN,Buy,Buy,195,195
9/7/2023,Apple Inc,AAPL,NEEDHAM,LAURA MARTIN,Buy,Buy,195,195
8/4/2023,Apple Inc,AAPL,NEEDHAM,LAURA MARTIN,Buy,Buy,195,195
6/6/2023,Apple Inc,AAPL,NEEDHAM,LAURA MARTIN,Buy                          ,Buy                          ,195,195
3/30/2023,Apple Inc,AAPL,NEEDHAM,LAURA MARTIN,Buy                          ,Buy                          ,170,170
3/10/2023,Apple Inc,AAPL,NEEDHAM,LAURA MARTIN,Buy                          ,Buy                          ,170,170
2/3/2023,Apple Inc,AAPL,NEEDHAM,LAURA MARTIN,Buy                          ,Buy                          ,170,170
1/31/2024,Microsoft Corp,MSFT,BERNSTEIN,MARK MOERDLER,                             ,OUTPERFORM                   ,406,465
10/26/2023,Microsoft Corp,MSFT,BERNSTEIN,MARK MOERDLER,                             ,OUTPERFORM                   ,400,406
9/19/2023,Microsoft Corp,MSFT,BERNSTEIN,MARK MOERDLER,                             ,OUTPERFORM                   ,398,400
4/26/2024,Microsoft Corp,MSFT,BERNSTEIN,MARK MOERDLER,                             ,OUTPERFORM                   ,465,489
10/31/2024,Microsoft Corp,MSFT,,MARK MURPHY,Overweight,Overweight,465,465
9/22/2023,Microsoft Corp,MSFT,JPMORGAN,MARK MURPHY,Overweight,Overweight,385,385
7/19/2023,Microsoft Corp,MSFT,JPMORGAN,MARK MURPHY,Overweight,Overweight,385,385
2/8/2023,Microsoft Corp,MSFT,JPMORGAN,MARK MURPHY,Overweight                   ,Overweight                   ,305,305
4/26/2024,Microsoft Corp,MSFT,JPMORGAN,MARK MURPHY,                             ,OVERWEIGHT                   ,440,470
4/26/2023,Microsoft Corp,MSFT,JPMORGAN,MARK MURPHY,                             ,OVERWEIGHT                   ,305,315
1/25/2023,Microsoft Corp,MSFT,JPMORGAN,MARK MURPHY,                             ,OVERWEIGHT                   ,275,265
6/15/2023,Microsoft Corp,MSFT,JPMORGAN,MARK MURPHY,Overweight,Overweight,350,350
5/5/2023,Apple Inc,AAPL,OPPENHEIMER,MARTIN YANG,                             ,OUTPERFORM                   ,170,195
9/10/2024,Apple Inc,AAPL,,MARTIN YANG,Outperform,Outperform,250,250
2/2/2024,Apple Inc,AAPL,OPPENHEIMER,MARTIN YANG,Outperform,Outperform,200,200
6/28/2024,Apple Inc,AAPL,OPPENHEIMER,MARTIN YANG,OUTPERFORM,OUTPERFORM,200,250
8/4/2023,Apple Inc,AAPL,OPPENHEIMER,MARTIN YANG,OUTPERFORM,OUTPERFORM,195,220
2/3/2023,Apple Inc,AAPL,RAYMOND JAMES,MELISSA FAIRBANKS,                             ,OUTPERFORM                   ,185,170
1/23/2025,Apple Inc,AAPL,GOLDMAN SACHS,MICHAEL NG,                             ,BUY                          ,286,280
1/25/2024,Apple Inc,AAPL,GOLDMAN SACHS,MICHAEL NG,                             ,BUY                          ,227,223
3/6/2023,Apple Inc,AAPL,,MICHAEL NG,Buy                          ,Buy                          ,199,199
9/13/2023,Apple Inc,AAPL,GOLDMAN SACHS,MICHAEL NG,                             ,BUY                          ,222,216
1/31/2025,Apple Inc,AAPL,,MICHAEL NG,Buy,Buy,294,294
10/25/2023,Apple Inc,AAPL,GOLDMAN SACHS,MICHAEL NG,                             ,BUY                          ,216,213
7/31/2024,Microsoft Corp,MSFT,WELLS FARGO,MICHAEL TURRIN,                             ,OVERWEIGHT                   ,500,515
4/26/2024,Microsoft Corp,MSFT,WELLS FARGO,MICHAEL TURRIN,Overweight,Overweight,500,500
5/1/2025,Microsoft Corp,MSFT,WELLS FARGO,MICHAEL TURRIN,Overweight,Overweight,515,515
7/31/2025,Microsoft Corp,MSFT,,MICHAEL TURRIN,Overweight,Overweight,650,650
10/2/2023,Microsoft Corp,MSFT,WELLS FARGO,MICHAEL TURRIN,Overweight,Overweight,400,400
6/25/2025,Microsoft Corp,MSFT,WELLS FARGO,MICHAEL TURRIN,                             ,OVERWEIGHT                   ,565,585
6/13/2025,Microsoft Corp,MSFT,WELLS FARGO,MICHAEL TURRIN,                             ,OVERWEIGHT                   ,515,565
4/17/2024,Microsoft Corp,MSFT,WELLS FARGO,MICHAEL TURRIN,OVERWEIGHT,OVERWEIGHT,460,480
1/31/2024,Microsoft Corp,MSFT,WELLS FARGO,MICHAEL TURRIN,                             ,OVERWEIGHT                   ,435,460
11/14/2023,Microsoft Corp,MSFT,WELLS FARGO,MICHAEL TURRIN,                             ,OVERWEIGHT                   ,410,425
6/22/2023,Microsoft Corp,MSFT,WELLS FARGO,MICHAEL TURRIN,                             ,OVERWEIGHT                   ,365,380
5/31/2023,Microsoft Corp,MSFT,WELLS FARGO,MICHAEL TURRIN,                             ,OVERWEIGHT                   ,345,365
4/26/2023,Microsoft Corp,MSFT,WELLS FARGO,MICHAEL TURRIN,                             ,OVERWEIGHT                   ,320,345
3/24/2023,Microsoft Corp,MSFT,WELLS FARGO,MICHAEL TURRIN,                             ,OVERWEIGHT                   ,300,320
7/19/2023,Microsoft Corp,MSFT,WELLS FARGO,MICHAEL TURRIN,                             ,OVERWEIGHT                   ,380,400
5/10/2023,Apple Inc,AAPL,NEEDHAM,MIKE MATSON,                             ,BUY                          ,192,207
3/20/2025,Microsoft Corp,MSFT,,PATRICK COLVILLE,Sector Outperform            ,Sector Outperform            ,470,470
5/1/2025,Microsoft Corp,MSFT,SCOTIABANK,PATRICK COLVILLE,                             ,OUTPERFORM                   ,470,500
7/21/2025,Microsoft Corp,MSFT,,RAIMO LENSCHOW,Overweight,Overweight,550,550
7/31/2025,Microsoft Corp,MSFT,,RAIMO LENSCHOW,Overweight,Overweight,625,625
5/1/2025,Microsoft Corp,MSFT,,RAIMO LENSCHOW,Overweight,Overweight,494,494
1/31/2024,Microsoft Corp,MSFT,BARCLAYS,RAIMO LENSCHOW,Overweight,Overweight,475,475
11/14/2023,Microsoft Corp,MSFT,BARCLAYS,RAIMO LENSCHOW,Overweight,Overweight,425,425
7/19/2023,Microsoft Corp,MSFT,BARCLAYS,RAIMO LENSCHOW,                             ,OVERWEIGHT                   ,336,425
4/26/2023,Microsoft Corp,MSFT,BARCLAYS,RAIMO LENSCHOW,                             ,OVERWEIGHT                   ,310,336
10/25/2023,Microsoft Corp,MSFT,BARCLAYS,RAIMO LENSCHOW,                             ,OVERWEIGHT                   ,425,421
1/10/2023,Microsoft Corp,MSFT,BARCLAYS,RAIMO LENSCHOW,                             ,OVERWEIGHT                   ,296,280
11/24/2023,Microsoft Corp,MSFT,RBC,RISHI JALURIA,Outperform,Outperform,390,390
7/31/2024,Microsoft Corp,MSFT,RBC,RISHI JALURIA,Outperform,Outperform,500,500
1/30/2025,Microsoft Corp,MSFT,RBC,RISHI JALURIA,Outperform,Outperform,500,500
11/5/2024,Microsoft Corp,MSFT,RBC,RISHI JALURIA,Outperform,Outperform,500,500
5/24/2024,Microsoft Corp,MSFT,RBC,RISHI JALURIA,Outperform,Outperform,500,500
5/17/2024,Microsoft Corp,MSFT,RBC,RISHI JALURIA,Outperform,Outperform,500,500
1/31/2024,Microsoft Corp,MSFT,RBC,RISHI JALURIA,Outperform,Outperform,450,450
10/25/2023,Microsoft Corp,MSFT,RBC,RISHI JALURIA,Outperform,Outperform,390,390
9/22/2023,Microsoft Corp,MSFT,RBC,RISHI JALURIA,Outperform,Outperform,390,390
7/26/2023,Microsoft Corp,MSFT,RBC,RISHI JALURIA,Outperform,Outperform,390,390
5/19/2023,Microsoft Corp,MSFT,RBC,RISHI JALURIA,Outperform,Outperform,350,350
3/17/2023,Microsoft Corp,MSFT,RBC,RISHI JALURIA,Outperform                   ,Outperform                   ,285,285
5/1/2025,Microsoft Corp,MSFT,RBC,RISHI JALURIA,OUTPERFORM,POSITIVE,500,525
5/23/2025,Microsoft Corp,MSFT,,RISHI JALURIA,Outperform,Outperform,525,525
1/31/2025,Apple Inc,AAPL,JPMORGAN,SAMIK CHATTERJEE,Overweight,Overweight,270,270
6/11/2024,Apple Inc,AAPL,JPMORGAN,SAMIK CHATTERJEE,Overweight,Overweight,225,225
6/26/2025,Apple Inc,AAPL,,SAMIK CHATTERJEE,Overweight,Overweight,230,230
9/8/2023,Apple Inc,AAPL,JPMORGAN,SAMIK CHATTERJEE,                             ,OVERWEIGHT                   ,235,230
1/21/2025,Apple Inc,AAPL,JPMORGAN,SAMIK CHATTERJEE,Overweight,Overweight,260,260
9/10/2024,Apple Inc,AAPL,JPMORGAN,SAMIK CHATTERJEE,Overweight,Overweight,265,265
7/24/2024,Apple Inc,AAPL,JPMORGAN,SAMIK CHATTERJEE,Overweight,Overweight,265,265
11/3/2023,Apple Inc,AAPL,JPMORGAN,SAMIK CHATTERJEE,                             ,OVERWEIGHT                   ,230,225
2/2/2024,Apple Inc,AAPL,JPMORGAN,SAMIK CHATTERJEE,Overweight,Overweight,215,215
8/2/2023,Apple Inc,AAPL,JPMORGAN,SAMIK CHATTERJEE,Overweight,Overweight,235,235
6/18/2024,Apple Inc,AAPL,JPMORGAN,SAMIK CHATTERJEE,OVERWEIGHT,OVERWEIGHT,225,245
5/3/2024,Apple Inc,AAPL,JPMORGAN,SAMIK CHATTERJEE,                             ,OVERWEIGHT                   ,210,225
5/2/2025,Apple Inc,AAPL,JPMORGAN,SAMIK CHATTERJEE,                             ,OVERWEIGHT                   ,245,240
4/11/2024,Apple Inc,AAPL,JPMORGAN,SAMIK CHATTERJEE,                             ,OVERWEIGHT                   ,215,210
4/19/2023,Apple Inc,AAPL,JPMORGAN,SAMIK CHATTERJEE,                             ,OVERWEIGHT                   ,175,190
2/3/2023,Apple Inc,AAPL,JPMORGAN,SAMIK CHATTERJEE,                             ,OVERWEIGHT                   ,180,175
1/19/2023,Apple Inc,AAPL,JPMORGAN,SAMIK CHATTERJEE,                             ,OVERWEIGHT                   ,190,180
8/4/2023,Apple Inc,AAPL,RAYMOND JAMES,SRINI PAJJURI,                             ,OUTPERFORM                   ,180,200
7/25/2024,Apple Inc,AAPL,RAYMOND JAMES,SRINI PAJJURI,                             ,OUTPERFORM                   ,200,250
9/15/2023,Microsoft Corp,MSFT,,STEPHEN BERSEY,Hold                         ,Hold                         ,347,347
7/16/2025,Microsoft Corp,MSFT,,THOMAS BLAKEY,Overweight,Overweight,581,581
1/29/2025,Microsoft Corp,MSFT,,THOMAS BLAKEY,Overweight,Overweight,509,509
5/1/2025,Microsoft Corp,MSFT,,THOMAS BLAKEY,Overweight,Overweight,512,512
1/11/2023,Apple Inc,AAPL,BARCLAYS,TIM LONG,                             ,EQUAL WEIGHT                 ,144,133
2/3/2023,Apple Inc,AAPL,BARCLAYS,TIM LONG,                             ,EQUAL WEIGHT                 ,133,145
1/31/2025,Apple Inc,AAPL,BARCLAYS,TIM LONG,Underweight,Underweight,197,197
8/2/2024,Apple Inc,AAPL,BARCLAYS,TIM LONG,                             ,UNDERWEIGHT                  ,187,186
1/22/2025,Apple Inc,AAPL,BARCLAYS,TIM LONG,Underweight,Underweight,183,183
10/1/2024,Apple Inc,AAPL,BARCLAYS,TIM LONG,Underweight,Underweight,186,186
7/24/2024,Apple Inc,AAPL,BARCLAYS,TIM LONG,Underweight,Underweight,187,187
6/11/2024,Apple Inc,AAPL,BARCLAYS,TIM LONG,Underweight,Underweight,164,164
2/2/2024,Apple Inc,AAPL,BARCLAYS,TIM LONG,Underweight,Underweight,158,158
10/9/2023,Apple Inc,AAPL,BARCLAYS,TIM LONG,Equal Weight,Equal Weight,167,167
9/19/2023,Apple Inc,AAPL,BARCLAYS,TIM LONG,Equal Weight,Equal Weight,167,167
5/3/2024,Apple Inc,AAPL,BARCLAYS,TIM LONG,                             ,UNDERWEIGHT                  ,158,164
11/1/2024,Apple Inc,AAPL,BARCLAYS,TIM LONG,                             ,UNDERWEIGHT                  ,186,184
4/30/2025,Apple Inc,AAPL,BARCLAYS,TIM LONG,                             ,UNDERWEIGHT                  ,197,173
4/26/2023,Apple Inc,AAPL,BARCLAYS,TIM LONG,                             ,EQUAL WEIGHT                 ,145,149
8/4/2023,Apple Inc,AAPL,BARCLAYS,TIM LONG,                             ,                             ,149,167
11/3/2023,Apple Inc,AAPL,BARCLAYS,TIM LONG,                             ,                             ,166,161
7/28/2023,Microsoft Corp,MSFT,OPPENHEIMER,TIMOTHY HORAN,Outperform,Outperform,410,410
6/7/2024,Microsoft Corp,MSFT,OPPENHEIMER,TIMOTHY HORAN,                             ,OUTPERFORM                   ,450,500
7/13/2023,Microsoft Corp,MSFT,OPPENHEIMER,TIMOTHY HORAN,OUTPERFORM,OUTPERFORM,330,410
4/26/2023,Microsoft Corp,MSFT,OPPENHEIMER,TIMOTHY HORAN,                             ,OUTPERFORM                   ,310,330
4/6/2023,Microsoft Corp,MSFT,OPPENHEIMER,TIMOTHY HORAN,                             ,                             ,280,310
2/8/2023,Microsoft Corp,MSFT,OPPENHEIMER,TIMOTHY HORAN,                             ,OUTPERFORM                   ,265,280
1/31/2024,Microsoft Corp,MSFT,OPPENHEIMER,TIMOTHY HORAN,                             ,OUTPERFORM                   ,410,450
5/25/2023,Microsoft Corp,MSFT,OPPENHEIMER,TIMOTHY HORAN,Outperform,Outperform,330,330
10/25/2023,Microsoft Corp,MSFT,OPPENHEIMER,TIMOTHY HORAN,Outperform,Outperform,410,410
2/3/2023,Apple Inc,AAPL,D.A. DAVIDSON,TOM FORTE,                             ,BUY                          ,167,173
5/5/2023,Apple Inc,AAPL,D.A. DAVIDSON,TOM FORTE,                             ,BUY                          ,173,193
11/3/2023,Apple Inc,AAPL,D.A. DAVIDSON,TOM FORTE,                             ,NEUTRAL                      ,180,166
8/2/2024,Apple Inc,AAPL,MAXIM GROUP,TOM FORTE,                             ,HOLD                         ,195,203
9/10/2024,Apple Inc,AAPL,MAXIM GROUP,TOM FORTE,Hold,Hold,203,203
6/6/2023,Apple Inc,AAPL,D.A. DAVIDSON,TOM FORTE,Buy,Neutral,185,185
11/1/2024,Apple Inc,AAPL,MAXIM GROUP,TOM FORTE,HOLD,HOLD,203,215
10/26/2023,Microsoft Corp,MSFT,CITI,TYLER RADKE,Buy,Buy,432,432
7/31/2024,Microsoft Corp,MSFT,CITI,TYLER RADKE,Buy,Buy,500,500
6/21/2024,Microsoft Corp,MSFT,CITI,TYLER RADKE,Buy,Buy,520,520
7/20/2023,Microsoft Corp,MSFT,CITI,TYLER RADKE,                             ,BUY                          ,340,425
7/26/2023,Microsoft Corp,MSFT,CITI,TYLER RADKE,Buy,Buy,420,420
6/11/2025,Microsoft Corp,MSFT,CITI,TYLER RADKE,BUY,BUY,540,605
10/23/2024,Microsoft Corp,MSFT,CITI,TYLER RADKE,BUY,BUY,500,497
5/15/2025,Microsoft Corp,MSFT,CITI,TYLER RADKE,Buy,Buy,540,540
4/18/2024,Microsoft Corp,MSFT,CITI,TYLER RADKE,                             ,BUY                          ,480,475
1/24/2024,Microsoft Corp,MSFT,CITI,TYLER RADKE,                             ,BUY                          ,432,470
10/19/2023,Microsoft Corp,MSFT,CITI,TYLER RADKE,                             ,BUY                          ,420,430
4/19/2023,Microsoft Corp,MSFT,CITI,TYLER RADKE,                             ,BUY                          ,282,332
1/19/2023,Microsoft Corp,MSFT,CITI,TYLER RADKE,                             ,BUY                          ,282,280
1/25/2023,Microsoft Corp,MSFT,CITI,TYLER RADKE,                             ,BUY                          ,280,282
4/26/2023,Microsoft Corp,MSFT,CITI,TYLER RADKE,                             ,BUY                          ,332,340
9/22/2023,Microsoft Corp,MSFT,CITI,TYLER RADKE,Buy,Buy,420,420
9/12/2023,Apple Inc,AAPL,BAML,WAMSI MOHAN,                             ,NEUTRAL                      ,210,208
9/26/2023,Apple Inc,AAPL,BAML,WAMSI MOHAN,Neutral,Neutral,208,208
2/3/2023,Apple Inc,AAPL,BAML,WAMSI MOHAN,                             ,NEUTRAL                      ,153,158
9/3/2025,Apple Inc,AAPL,,WAMSI MOHAN,Buy,Buy,260,260
8/25/2025,Apple Inc,AAPL,,WAMSI MOHAN,Buy,Buy,250,250
8/7/2025,Apple Inc,AAPL,,WAMSI MOHAN,Buy,Buy,250,250
6/10/2025,Apple Inc,AAPL,,WAMSI MOHAN,Buy,Buy,235,235
4/3/2025,Apple Inc,AAPL,,WAMSI MOHAN,Buy,Buy,250,250
1/31/2025,Apple Inc,AAPL,,WAMSI MOHAN,Buy,Buy,265,265
1/24/2025,Apple Inc,AAPL,,WAMSI MOHAN,Buy,Buy,253,253
1/3/2025,Apple Inc,AAPL,,WAMSI MOHAN,Buy,Buy,256,256
10/3/2024,Apple Inc,AAPL,,WAMSI MOHAN,Buy,Buy,256,256
9/10/2024,Apple Inc,AAPL,,WAMSI MOHAN,Buy,Buy,256,256
9/5/2024,Apple Inc,AAPL,,WAMSI MOHAN,Buy,Buy,256,256
8/27/2024,Apple Inc,AAPL,,WAMSI MOHAN,Buy,Buy,256,256
6/26/2024,Apple Inc,AAPL,BAML,WAMSI MOHAN,Buy,Buy,230,230
6/12/2024,Apple Inc,AAPL,BAML,WAMSI MOHAN,Buy,Buy,230,230
5/29/2024,Apple Inc,AAPL,BAML,WAMSI MOHAN,Buy,Buy,230,230
1/18/2024,Apple Inc,AAPL,BAML,WAMSI MOHAN,Neutral,Buy,225,225
10/24/2023,Apple Inc,AAPL,BAML,WAMSI MOHAN,Neutral,Neutral,173,173
6/5/2023,Apple Inc,AAPL,BAML,WAMSI MOHAN,Neutral,Neutral,190,190
7/11/2024,Apple Inc,AAPL,BAML,WAMSI MOHAN,                             ,BUY                          ,230,256
5/3/2024,Apple Inc,AAPL,BAML,WAMSI MOHAN,                             ,BUY                          ,225,230
7/19/2023,Apple Inc,AAPL,BAML,WAMSI MOHAN,                             ,NEUTRAL                      ,190,210
5/5/2023,Apple Inc,AAPL,BAML,WAMSI MOHAN,                             ,NEUTRAL                      ,173,176
4/5/2023,Apple Inc,AAPL,BAML,WAMSI MOHAN,                             ,BUY                          ,158,168
7/25/2024,Apple Inc,AAPL,BAIRD,WILLIAM POWER,                             ,OUTPERFORM                   ,200,240
12/13/2024,Apple Inc,AAPL,BAIRD,WILLIAM POWER,                             ,OUTPERFORM                   ,240,260
5/2/2023,Apple Inc,AAPL,BAIRD,WILLIAM POWER,                             ,OUTPERFORM                   ,170,180
8/1/2023,Apple Inc,AAPL,BAIRD,WILLIAM POWER,                             ,OUTPERFORM                   ,180,204
11/3/2023,Apple Inc,AAPL,BAIRD,WILLIAM POWER,                             ,OUTPERFORM                   ,204,186
10/17/2023,Microsoft Corp,MSFT,,YUN KIM,Buy                          ,Buy                          ,425,425
